{
    "numerical_features": [
        "\u9014\u7a0b",
        "\u6a94\u4f4d",
        "\u8a55\u5206",
        "\u5be6\u969b\u8ca0\u78c5",
        "\u6392\u4f4d\u9ad4\u91cd",
        "Age",
        "\u73fe\u6642\u8a55\u5206",
        "jockey_win_rate",
        "jockey_win_place_rate",
        "trainer_win_rate",
        "trainer_win_place_rate",
        "\u7368\u8d0f\u8ce0\u7387",
        "avg_\u901f\u5ea6_mps",
        "avg_\u982d\u99ac\u8ddd\u96e2",
        "races_counted",
        "horse_win_rate",
        "horse_win_place_rate"
    ],
    "categorical_features": [
        "\u5834\u5730\u72c0\u6cc1",
        "\u99ac\u5834"
    ],
    "scaler_mean": [
        1383.0004546143355,
        6.711395666010001,
        60.71705352525462,
        125.24882557963328,
        1120.2039207358057,
        5.8424003636914685,
        59.28049704500682,
        8.659862741030608,
        25.632722467471993,
        8.19286423017475,
        24.629750885839943,
        28.62956508561904,
        16.93172114601608,
        4.432813895864453,
        4.717532959539324,
        0.1059461629075767,
        0.2967249423635544
    ],
    "scaler_scale": [
        263.9609321334828,
        3.6629030940654195,
        17.356736063203602,
        5.624473889265221,
        63.18153459413331,
        1.2651923491275234,
        21.67968539666273,
        5.140944246275461,
        9.250885813301352,
        1.6322695347900553,
        3.6539307704231825,
        38.43157161238975,
        0.3379822107846729,
        2.991167015502509,
        1.913633044365176,
        0.10155174047610495,
        0.17271616013875607
    ],
    "ohe_categories": [
        [
            "\u53d7\u5929\u96e8\u5f71\u97ff",
            "\u5927\u721b",
            "\u597d",
            "\u597d/\u5feb",
            "\u597d/\u9ecf",
            "\u5c01",
            "\u5feb",
            "\u6fd5\u5feb",
            "\u6fd5\u6162",
            "\u8edf",
            "\u9ecf",
            "\u9ecf/\u8edf"
        ],
        [
            "\u6c99\u7530",
            "\u8dd1\u99ac\u5730"
        ]
    ]
}